{
   
    "client": "Grupobimbo",
    "template": {
        "buyerNm": "Fujitec India Pvt Ltd",
        "cntryCode": "IN",
        "cntryNm": "India",
        "alias": [
            "Fujitec India Pvt Ltd"
        ],
        "remittanceConfig": {
            "pdf": [
                {
                   "docIdNextLinePosition":1,
                   "docIdRemainingPosition":0,
                    "templateNm": "ALGORIQ_PDF",
                    "docConfig": [
                        {
                            "delimiter": " ",
                            "stdNm": "docId",
                            "position": 1
                        },
                        {
                            "delimiter": " ",
                            "stdNm": "docAmt",
                            "position": 6
                        }
                        ,
                        {
                            "delimiter": " ",
                            "stdNm": "tdsAmt",
                            "position":4
                        }
                    ],
                    "templateConfig": {
                        "stopWords": "",
                        "columnLength": 7,
                        "delimiter": " ",
                        "invoiceLine": 1
                    },
                    "footer": [
                        "Total"
                       
                    ],
                    "header": [
                        "Date deductions"
                    ],
                    "remittanceConfig": [
                        {
                            "delimiter": ":",
                            "format": "dd/MM/yyyy",
                            "stdNm": "payDate",
                            "position": 1,
                         "token": "Date"
                        },
                    
                
                        {
                            "delimiter": ":",
                            "stdNm": "PABankUtr",
                            "position": 1,
                            "token": "Payment Voucher No"
                        }
                    ]
                }
            ]
        },
        "buyerCode": [
            ""
        ],
        "sellerCode": "Grupobimbo",
        "active": true
    }
}