{
   
    "client": "Grupobimbo",
    "template": {
        "buyerNm": "JSW PAINTS PRIVATE LIMITED",
        "cntryCode": "IN",
        "cntryNm": "India",
        "alias": [
            "JSW PAINTS PRIVATE LIMITED"
        ],
        "remittanceConfig": {
            "pdf": [
                {
                   
                    "templateNm": "ALGORIQ_PDF",
                    "docConfig": [
                    
                       
                        {
                            "delimiter": " ",
                            "stdNm": "docId",
                            "position": 3,
                            "nextLine":true,
                   "docIdSeparator":"#",
                  "docIdNextLinePosition":1,
                  "docIdRemainingPosition":0
                   },
                        {
                            "delimiter": " ",
                            "stdNm": "docAmt",
                            "position": 4
                        }
                        ,
                        {
                            "delimiter": " ",
                            "stdNm": "tdsAmt",
                            "position": 6                        }
                    ],
                    "templateConfig": {
                        "stopWords": "",
                        "columnLength": 10,
                        "delimiter": " ",
                        "invoiceLine": 1
                    },
                    "footer": [
                        "* The time"
                       
                    ],
                    "header": [
                        "No_Posting"
                    ],
                    "remittanceConfig": [
                  
                        {
                            "delimiter": ":",
                            "stdNm": "payAmt",
                            "position": 1,
                            "token": "Amount"
                        },
                        {
                            "delimiter": ":",
                            "format": "dd-MM-yyyy",
                            "stdNm": "payDate",
                            "position": 1,
                         "token": "Payment Value"
                        },
                    
                
                        {
                            "delimiter": ":",
                            "stdNm": "PABankUtr",
                            "position": 1,
                            "token": "Bank Reference"
                        }
                    ]
                }
            ]
        },
        "buyerCode": [
            ""
        ],
        "sellerCode": "Grupobimbo",
        "active": true
    }
}
