{
   
    "client": "Grupobimbo",
    "template": {
        "buyerNm": "ALKEM LABORATORIES LIMITED",
        "cntryCode": "IN",
        "cntryNm": "India",
        "alias": [
            "ALKEM LABORATORIES LIMITED"
        ],
        "remittanceConfig": {
            "pdf": [
                {
                    "docIdNextLinePosition": 1,
                    "docIdRemainingPosition" : 0,
                    "templateNm": "ALGORIQ_PDF",
                    "docConfig": [
                        {
                            "delimiter": " ",
                            "stdNm": "docId",
                            "position": 2
                        },
                        {
                            "delimiter": " ",
                            "stdNm": "docAmt",
                            "position": -1
                        }
                    ],
                    "templateConfig": {
                        "stopWords": "",
                        "columnLength": 6,
                        "delimiter": " ",
                        "invoiceLine": 1
                    },
                    "footer": [
                        "Note: Payment"
                       
                    ],
                    "header": [
                        "Document"
                    ],
                    "remittanceConfig": [
                        {
                            "delimiter": ":",
                            "format": "dd-MMM-yyyy",
                            "stdNm": "payDate",
                            "position": 1,
                            "token": "Date"
                        },
                        {
                            "delimiter": ":",
                            "stdNm": "payAmt",
                            "position": 1,
                            "token": "Payment Amount (INR)"
                        },
                        {
                            "delimiter": ":",
                            "stdNm": "PABankUtr",
                            "position": 1,
                            "token": "UTR No."
                        }
                    ]
                }
            ]
        },
        "buyerCode": [
            ""
        ],
        "sellerCode": "Grupobimbo",
        "active": true
    }
}