{
   
    "client": "Grupobimbo",
    "template": {
        "buyerNm": "J.K.Fenner (India) Ltd",
        "cntryCode": "IN",
        "cntryNm": "India",
        "alias": [
            "J.K.Fenner (India) Ltd"
        ],
        "remittanceConfig": {
            "pdf": [
                {
                   "hasRowUtr":true,
                    "hasRowPayDate":true,
                    "templateNm": "ALGORIQ_PDF",
                    "docConfig": [
                         {
                            "delimiter": " ",
                            "format": "dd.MM.yyyy",
                            "stdNm": "rowPayDate",
                            "position": 1
                    
                        },
                        {
                            "delimiter": " ",
                            "stdNm": "rowUtr",
                            "position": 5
                        },
                        {
                            "delimiter": " ",
                            "stdNm": "docId",
                            "position": 2
                        },
                        {
                            "delimiter": " ",
                            "stdNm": "docAmt",
                            "position": 3
                        }
                        ,
                        {
                            "delimiter": " ",
                            "stdNm": "tdsAmt",
                            "position": -1                        }
                    ],
                    "templateConfig": {
                        "stopWords": "",
                        "columnLength": 8,
                        "delimiter": " ",
                        "invoiceLine": 1
                    },
                    "footer": [
                        "Total"
                       
                    ],
                    "header": [
                        "Document No."
                    ],
                    "remittanceConfig": [
                  
                        {
                            "delimiter": ":",
                            "stdNm": "payAmt",
                            "position": 1,
                            "token": "Total"
                        }
                    ]
                }
            ]
        },
        "buyerCode": [
            ""
        ],
        "sellerCode": "Grupobimbo",
        "active": true
    }
}

