{
   
    "client": "Grupobimbo",
    "template": {
        "buyerNm": "Bridgestone India Private Limited",
        "cntryCode": "IN",
        "cntryNm": "India",
        "alias": [
            "Bridgestone India Private Limited"
        ],
        "remittanceConfig": {
            "pdf": [
                {
                   
                    "templateNm": "ALGORIQ_PDF",
                    "docConfig": [
                        {
                            "delimiter": " ",
                            "stdNm": "docId",
                            "position": 1
                        },
                        {
                            "delimiter": " ",
                            "stdNm": "docAmt",
                            "position": -1
                        }
                        ,
                        {
                            "delimiter": " ",
                            "stdNm": "tdsAmt",
                            "position": -2
                        }
                    ],
                    "templateConfig": {
                        "stopWords": "",
                        "columnLength": 6,
                        "delimiter": " ",
                        "invoiceLine": 1
                    },
                    "footer": [
                        "Amount (In words)"
                       
                    ],
                    "header": [
                        "Doc No."
                    ],
                    "remittanceConfig": [
                        {
                            "delimiter": " ",
                            "format": "dd.MM.yyyy",
                            "stdNm": "payDate",
                            "position": 8,
                            "nextLine": true,
                         "token": "Canon India Pvt Ltd Document / Date"
                        },
                        {
                            "delimiter": " ",
                            "stdNm": "payAmt",
                            "position": 1,
                            "token": "for INR"
                        },
                
                        {
                            "delimiter": " ",
                            "stdNm": "PABankUtr",
                            "position": 6,
                            "nextLine": true,
                            "token": "Canon India Pvt Ltd Document / Date"
                        }
                    ]
                }
            ]
        },
        "buyerCode": [
            ""
        ],
        "sellerCode": "Grupobimbo",
        "active": true
    }
}