{
   
    "client": "Grupobimbo",
    "template": {
        "buyerNm": "Racanaa Innovative Solutions Energy Private Limited",
        "cntryCode": "IN",
        "cntryNm": "India",
        "alias": [
            "Racanaa Innovative Solutions Energy Private Limited"
        ],
        "remittanceConfig": {
            "pdf": [
                {
"noFooteer":true,
                    "templateNm": "ALGORIQ_PDF",
                    "docConfig": [
                        {
                            "delimiter": " ",
                            "stdNm": "docId",
                            "position": 0
                        },
                        {
                            "delimiter": " ",
                            "stdNm": "docAmt",
                            "position": -1
                        }
                    ],
                    "templateConfig": {
                        "stopWords": "",
                        "columnLength": 4,
                        "delimiter": " ",
                        "invoiceLine": 1
                    },
                    "footer": [
                        "noFooteer"
                       
                    ],
                    "header": [
                        "Bill Number"
                    ],
                    "remittanceConfig": [
                        {
                            "delimiter": " ",
                            "format": "dd-MM-yyyy",
                            "stdNm": "payDate",
                            "position": 1,
                            "token": "Payment Date"
                        },
                   
                        {
                            "delimiter": " ",
                            "stdNm": "PABankUtr",
                            "position": 1,
                            "token": "Reference Number"
                        }
                    ]
                }
            ]
        },
        "buyerCode": [
            ""
        ],
        "sellerCode": "Grupobimbo",
        "active": true
    }
}